uid,nces_school_id,school_name,nces_district_id,district_name,date,school_year,year,time,day_of_week,city,state,school_type,enrollment,killed,injured,casualties,shooting_type,age_shooter1,gender_shooter1,race_ethnicity_shooter1,shooter_relationship1,shooter_deceased1,deceased_notes1,age_shooter2,gender_shooter2,race_ethnicity_shooter2,shooter_relationship2,shooter_deceased2,deceased_notes2,white,black,hispanic,asian,american_indian_alaska_native,hawaiian_native_pacific_islander,two_or_more,resource_officer,weapon,weapon_source,lat,long,staffing,low_grade,high_grade,lunch,county,state_fips,county_fips,ulocale,mentally_unhealthy_days,excessive_drinking,teen_birth_rate,uninsured,grad_rate,some_college,unemployed,children_in_poverty,single_parent_households,pcp_rate
114,010000800495,Discovery Middle School,100008.0,Madison City,2/5/2010,2009-2010,2010,1:45 PM,Friday,Madison,Alabama,public,1000,1,0,1,targeted,14.0,m,a,student,0.0,,,,,,,,707.0,188.0,27.0,50.0,8.0,,,1,.22-caliber handgun,friend's home,34.740322,-86.741148,54.5,7,9,176.0,Madison County,1,1089,22.0,3.32,10.67,37.3,16.3,72.09113100081368,38.133123040987044,3.7,16.4,10.013532916343472,97.578195769
115,080480001315,Deer Creek Middle School,804800.0,Jefferson County School District No. R-1,2/23/2010,2009-2010,2010,3:14 PM,Tuesday,Littleton,Colorado,public,516,0,2,2,indiscriminate,32.0,m,w,,0.0,,,,,,,,436.0,7.0,46.0,23.0,4.0,,,0,.30-06 bolt-action hunting rifle,,39.5869,-105.102,28.2,7,8,60.0,Jefferson County,8,8059,21.0,2.89,17.35,27.1,14.5,79.36463311779589,36.54825800175778,4.7,11.1,7.936739021774472,94.251609653
116,510300001255,Woodrow Wilson High School,5103000.0,Portsmouth City Pblc Schs,4/28/2010,2009-2010,2010,12:15 PM,Wednesday,Portsmouth,Virginia,public,1309,0,0,0,indiscriminate,15.0,m,b,student,0.0,,,,,,,,446.0,818.0,22.0,19.0,4.0,,,0,handgun,,36.815009,-76.381349,64.33,9,12,695.0,Portsmouth City,51,51740,12.0,3.09,11.32,73.7,10.2,56.02553870710295,18.546968268928683,5.2,23.5,13.895181219110379,75.409543276
117,062271003364,South Gate High School,622710.0,Los Angeles Unified,5/18/2010,2009-2010,2010,7:51 AM,Tuesday,South Gate,California,public,3289,0,1,1,targeted,15.0,m,,student,0.0,,,,,,,,12.0,11.0,3251.0,3.0,10.0,0.0,2.0,0,,,33.954603999999996,-118.20975700000001,126.1,9,12,2373.0,Los Angeles County,6,6037,21.0,3.77,14.5,42.3,23.4,61.212745719720985,27.617149369221902,7.5,21.1,11.031119419501259,95.62509333
118,470399001624,Sullivan Central High School,4703990.0,Sullivan County,8/30/2010,2010-2011,2010,9:10 AM,Monday,Blountville,Tennessee,public,1115,1,0,1,targeted,,,,police officer,0.0,,,,,,,,1097.0,7.0,6.0,3.0,1.0,0.0,1.0,1,handgun,department issued,36.531335999999996,-82.387049,67.7,9,12,386.0,Sullivan County,47,47163,41.0,3.62,10.25,50.3,15.1,70.79347214406303,19.26204161816065,5.2,22.4,7.252463737681311,149.36765499
119,450249000639,Socastee High School,4502490.0,Horry 01,9/21/2010,2010-2011,2010,2:00 PM,Tuesday,Conway,South Carolina,public,1453,0,1,1,targeted,14.0,m,w,student,0.0,,,,,,,,1143.0,119.0,98.0,37.0,1.0,5.0,50.0,1,revolver,parent,33.6788,-79.004328,80.8,9,12,678.0,Horry County,45,45051,22.0,3.64,15.54,57.8,24.6,74.44352844187964,20.641732845118646,7.2,23.2,11.080690546809643,62.962379978
120,063398005332,Alisal High School,633980.0,Salinas Union High,10/1/2010,2010-2011,2010,7:53 AM,Friday,Salinas,California,public,2478,1,0,1,targeted,,m,,,0.0,,,,,,,,14.0,10.0,2420.0,28.0,1.0,5.0,0.0,0,,,36.686184000000004,-121.59596100000002,,3,12,1869.0,Monterey County,6,6053,12.0,3.41,11.37,57.0,23.5,60.07506914263138,23.594745875960744,8.5,16.8,10.400657290609443,74.304475549
121,060750000711,Kelly Elementary School,607500.0,Carlsbad Unified,10/8/2010,2010-2011,2010,12:00 PM,Friday,Carlsbad,California,public,477,0,2,2,indiscriminate,41.0,m,w,none,0.0,,,,,,,,314.0,12.0,67.0,36.0,3.0,0.0,45.0,0,.357-caliber Magnum revolver,,33.14836,-117.311227,,KG,5,45.0,San Diego County,6,6073,12.0,3.36,17.05,38.1,21.6,76.6965763568255,33.22651931344662,6.0,14.9,9.006517628312809,94.364957152
122,550870000995,Marinette High School,5508700.0,Marinette School District,11/29/2010,2010-2011,2010,1:30 PM,Monday,Marinette,Wisconsin,public,690,0,0,0,hostage suicide,15.0,m,w,student,1.0,suicide,,,,,,,658.0,4.0,17.0,2.0,8.0,1.0,0.0,0,handgun,,45.084351,-87.629512,44.69,9,12,283.0,Marinette County,55,55075,41.0,2.85,24.84,28.6,9.9,83.80782918149467,14.133885899535443,5.9,15.8,10.874880408206655,74.52258966
123,317374001251,Millard South High School,3173740.0,Millard Public Schools,1/5/2011,2010-2011,2011,12:45 PM,Wednesday,Omaha,Nebraska,public,2043,1,2,3,targeted and indiscriminate,17.0,m,b,student,1.0,suicide,,,,,,,1668.0,79.0,186.0,32.0,12.0,6.0,60.0,0,Smith & Wesson Glock .40-caliber handgun,father,41.203481,-96.146049,135.5,9,12,475.0,Douglas County,31,31055,11.0,2.7,20.0,45.7,13.3,80.0,69.7,5.1,15.0,32.4,160.21085816
124,062271003034,Gardena High School,622710.0,Los Angeles Unified,1/18/2011,2010-2011,2011,10:40 AM,Tuesday,Los Angeles,California,public,2299,0,2,2,accidental,17.0,m,,student,0.0,,,,,,,,22.0,610.0,1490.0,140.0,9.0,,,0,9mm Beretta semiautomatic handgun,,33.866372,-118.29633000000001,,8,12,1556.0,Los Angeles County,6,6037,13.0,3.7,15.8,40.7,28.0,60.0,55.2,11.6,21.8,33.2,93.371130354
125,063078004786,Louisiana Schnell Elementary School,630780.0,Placerville Union Elementary,2/2/2011,2010-2011,2011,10:37 AM,Wednesday,Placerville,California,public,424,1,0,1,targeted,44.0,m,w,janitor,0.0,,,,,,,,259.0,2.0,121.0,3.0,8.0,0.0,31.0,0,.357-caliber revolver,legally purchased by shooter,38.735106,-120.77941899999999,,KG,5,264.0,El Dorado County,6,6017,32.0,2.6,18.9,21.2,18.6,85.0,67.8,11.3,10.3,22.6,80.22190962
126,180651001136,Martinsville West Middle,1806510.0,M S D Martinsville Schools,3/25/2011,2010-2011,2011,7:00 AM,Friday,Martinsville,Indiana,public,584,0,1,1,targeted,15.0,m,w,former student (expelled),0.0,,,,,,,,555.0,0.0,13.0,2.0,2.0,0.0,12.0,0,9mm handgun,friend's home,39.420621000000004,-86.427053,38.97,6,8,354.0,Morgan County,18,18109,31.0,3.5,19.2,42.4,13.8,70.0,49.0,8.9,14.6,24.9,45.083122006
127,120144003884,Sheeler Charter High School,1201440.0,Orange,4/13/2011,2010-2011,2011,12:00 PM,Wednesday,Apopka,Florida,public,465,0,1,1,accidental,17.0,m,b,,0.0,,,,,,,,104.0,250.0,101.0,2.0,1.0,0.0,7.0,1,,,28.673157,-81.494124,7.0,9,12,183.0,Orange County,12,12065,21.0,3.1,7.6,59.0,25.4,35.0,44.8,8.1,22.9,44.3,21.456157917
128,482364002572,Ross Elementary School,4823640.0,Houston ISD,4/19/2011,2010-2011,2011,10:20 AM,Tuesday,Houston,Texas,public,462,0,2,2,accidental,6.0,m,,student,0.0,,,,,,,,1.0,301.0,145.0,2.0,9.0,1.0,3.0,0,.380-caliber semiautomatic handgun,"mother's friend, home shooter was staying",29.800326000000002,-95.341835,27.32,PK,5,263.0,Harris County,48,48201,11.0,3.0,17.6,63.7,35.9,65.0,52.3,7.6,22.6,32.9,84.10788117
129,370001100402,Cape Fear High School,3700011.0,Cumberland County Schools,10/24/2011,2011-2012,2011,1:00 PM,Monday,Fayetteville,North Carolina,public,1575,0,1,1,targeted,15.0,m,,student,0.0,,,,,,,,913.0,437.0,83.0,9.0,71.0,3.0,59.0,0,.22-caliber Daisy rifle,,35.034044,-78.762384,93.86,9,12,690.0,Cumberland County,37,37051,41.0,3.7,11.1,57.2,18.6,80.0,66.5,9.2,22.5,40.7,86.904463027
130,481168000648,Cummings Middle School,4811680.0,Brownsville ISD,1/4/2012,2011-2012,2012,8:00 AM,Wednesday,Brownsville,Texas,public,746,1,0,1,targeted,,m,,police officer,0.0,,,,,,,,3.0,0.0,742.0,0.0,1.0,0.0,0.0,0,,department issued,25.913899,-97.493734,49.47,6,8,0.0,Cameron County,48,48061,12.0,3.3,17.2,88.1,36.6,83.2,42.79138827,11.2,48.5,34.12462227,58.330164147
131,483306003674,North Forest High School,4833060.0,North Forest ISD,1/10/2012,2011-2012,2012,12:30 PM,Tuesday,Houston,Texas,public,1274,0,1,1,targeted,18.0,m,,student,0.0,,,,,,,,8.0,868.0,395.0,0.0,2.0,1.0,0.0,1,handgun ,,29.868788000000002,-95.26259,88.68,9,12,1271.0,Harris County,48,48201,11.0,3.1,17.1,63.0,28.6,81.0,53.231493134,8.5,27.1,33.839235932,84.10788117
132,330299000122,Walpole Elementary School,3302990.0,Fall Mountain Regional School District,2/10/2012,2011-2012,2012,11:00 AM,Friday,Walpole,New Hampshire,public,149,0,0,0,public suicide (attempted),14.0,m,,student,0.0,,,,,,,,139.0,0.0,5.0,1.0,1.0,0.0,3.0,0,20-gauge shotgun,,43.078915,-72.426439,15.3,5,8,42.0,Cheshire County,33,33005,42.0,3.3,16.2,17.6,12.7,85.6,58.243235673,5.8,13.4,26.858358584,71.260138374
133,530066000135,Armin Jahr Elementary School,5300660.0,Bremerton School District,2/22/2012,2011-2012,2012,1:30 PM,Wednesday,Bremerton,Washington,public,411,0,1,1,accidental,9.0,m,w,student,0.0,,,,,,,,193.0,24.0,69.0,19.0,5.0,22.0,79.0,0,.45-caliber handgun,mother,47.593761,-122.63622,25.16,KG,5,310.0,Kitsap County,53,53035,13.0,3.4,17.2,30.5,13.2,87.3,68.348579371,7.9,14.9,27.179405351,76.292914765
134,390471802789,Chardon High School,3904718.0,Chardon Local,2/27/2012,2011-2012,2012,7:30 AM,Monday,Chardon,Ohio,public,1058,3,3,6,indiscriminate,17.0,m,w,"student at neighboring school, rode bus with some victims",0.0,,,,,,,,1028.0,5.0,9.0,4.0,4.0,0.0,8.0,0,Ruger MK III .22-caliber semiautomatic handgun,uncle,41.591297,-81.199958,58.0,9,12,193.0,Geauga County,39,39055,31.0,3.1,21.0,9.6,11.9,91.1,64.555741615,7.6,12.1,16.080219514,65.778155581
135,00259508,Episcopal School of Jacksonville,,,3/6/2012,2011-2012,2012,1:15 PM,Tuesday,Jacksonville,Florida,private,869,1,0,1,targeted,28.0,m,w,fired teacher,1.0,suicide,,,,,,,753.0,44.0,25.0,5.0,3.0,0.0,39.0,0,AK-47-style semiautomatic rifle,legally purchased at gun show,30.308616999999998,-81.617917,92.8,6,12,,Duval County,12,12031,11.0,3.5,17.9,53.7,19.7,66.6,61.463715679,11.7,23.5,39.015503077,105.026749
136,010237000962,LeFlore High School,102370.0,Mobile County,3/15/2012,2011-2012,2012,10:50 AM,Thursday,Mobile,Alabama,public,921,0,0,0,targeted,16.0,m,b,suspended student from different campus,0.0,,15.0,m,,,0.0,,5.0,912.0,2.0,0.0,1.0,0.0,1.0,0,handgun,,30.714209000000004,-88.086526,56.0,8,12,774.0,Mobile County,1,1097,12.0,4.5,14.2,61.1,17.2,65.2,54.328833914,10.2,28.9,41.533440821,96.790277954
137,370072002474,Mary Scroggs Elementary School,3700720.0,Chapel Hill-Carrboro Schools,5/25/2012,2011-2012,2012,2:00 PM,Friday,Chapel Hill,North Carolina,public,614,1,0,1,targeted,49.0,m,,parent of student,0.0,,,,,,,,325.0,32.0,106.0,66.0,1.0,0.0,84.0,0,Charter Arms .44 Bulldog revolver,,35.879121999999995,-79.068506,42.73,KG,5,135.0,Orange County,37,37135,13.0,2.8,16.0,12.5,14.2,86.3,76.800624737,6.5,17.4,24.835988754,308.6978777
138,240012000446,Perry Hall High School,2400120.0,Baltimore County Public Schools,8/27/2012,2012-2013,2012,10:45 AM,Monday,Baltimore,Maryland,public,2209,0,1,1,indiscriminate,15.0,m,w,student,0.0,,,,,,,,1361.0,508.0,79.0,213.0,2.0,1.0,45.0,1,shotgun,,39.39186,-76.466091,129.6,9,12,550.0,Baltimore County,24,24005,21.0,3.6,15.2,27.1,11.9,80.0,68.37178265,8.0,11.0,34.715674888,148.8989846
139,172862003002,Normal Community High School,1728620.0,Mclean County USD 5,9/7/2012,2012-2013,2012,8:00 AM,Friday,Normal,Illinois,public,1895,0,0,0,indiscriminate,14.0,m,w,student,0.0,,,,,,,,1314.0,196.0,145.0,124.0,8.0,5.0,103.0,0,.22-caliber Ruger handgun,,40.533285,-88.914486,164.0,9,12,409.0,Mclean County,17,17113,41.0,2.6,13.8,19.3,9.9,84.9,75.911449482,7.7,10.3,25.692701938,64.020873221
140,090291000617,Sandy Hook Elementary School,902910.0,Newtown School District,12/14/2012,2012-2013,2012,9:35 AM,Friday,Newtown,Connecticut,public,454,26,2,28,indiscriminate,20.0,m,w,former student,1.0,suicide,,,,,,,389.0,15.0,22.0,23.0,0.0,0.0,5.0,0,Bushmaster XM15-E2S semiautomatic rifle,mother,41.419779999999996,-73.277751,35.76,KG,4,23.0,Fairfield County,9,9001,22.0,2.8,19.7,20.3,11.4,82.0,68.473920639,8.3,10.8,23.017333845,135.28607414
141,A0300763,Apostolic Revival Center and Christian School,,,1/7/2013,2012-2013,2013,11:00 AM,Monday,Fort Myers,Florida,private,22,1,0,1,targeted,,,,,0.0,,,,,,,,0.0,22.0,0.0,0.0,0.0,0.0,0.0,0,,,26.640620000000002,-81.834212,3.0,PK,7,,Lee County,12,12071,13.0,4.0,18.3,46.990263913,27.2,68.9,52.23993162,11.1,25.9,34.631793422,61.89056
142,063873006511,Taft Union High School,638730.0,Taft Union High,1/10/2013,2012-2013,2013,9:00 AM,Thursday,Taft,California,public,939,0,2,2,targeted,16.0,m,w,student,0.0,,,,,,,,487.0,9.0,384.0,6.0,22.0,12.0,19.0,0,12-gauge shotgun,older brother,35.146256,-119.46038300000001,62.89,9,12,502.0,Kern County,6,6029,32.0,4.1,15.8,64.61905786,23.4,79.092256102,43.142526011,14.9,34.6,36.424530455,49.47717
143,130012000060,Price Middle School,1300120.0,Atlanta Public Schools,1/31/2013,2012-2013,2013,1:50 PM,Thursday,Atlanta,Georgia,public,403,0,1,1,targeted,15.0,m,,student,0.0,,,,,,,,0.0,380.0,20.0,0.0,0.0,0.0,3.0,1,small-caliber handgun,,33.708771999999996,-84.38744200000001,36.0,6,8,384.0,Fulton County,13,13121,11.0,2.8,17.2,45.892921378,22.9,63.829243144,74.736025954,10.5,27.0,41.356989287,108.43269
144,1056711,La Salle High School,,,4/29/2013,2012-2013,2013,8:00 AM,Monday,Cincinnati ,Ohio,private,708,0,0,0,public suicide,17.0,m,,student ,0.0,,,,,,,,613.0,71.0,4.0,3.0,0.0,0.0,17.0,0,.45-caliber semiautomatic handgun,family member,39.189161999999996,-84.586704,40.1,9,12,,Hamilton County,39,39061,21.0,4.0,20.0,44.477213884,14.2,79.3,66.367523217,8.6,27.7,41.470324528,104.37086
145,120039000578,Redland Middle School,1200390.0,Dade,5/23/2013,2012-2013,2013,,Thursday,Homestead,Florida,public,493,0,1,1,accidental,11.0,m,,student,0.0,,,,,,,,44.0,185.0,257.0,3.0,0.0,0.0,4.0,0,.38-caliber handgun,,25.5369,-80.453001,30.0,6,8,448.0,Miami-Dade County,12,12086,41.0,3.3,12.6,34.071723942,35.8,71.3,57.001974604,11.3,28.9,38.992541107,79.14394999999999
146,130174003766,Ronald E. McNair Discovery Learning Academy,1301740.0,Dekalb County,8/20/2013,2013-2014,2013,12:51 PM,Tuesday,Decatur,Georgia,public,822,0,0,0,targeted and indiscriminate,20.0,m,w,none,0.0,,,,,,,,9.0,786.0,23.0,0.0,0.0,0.0,4.0,0,.762-caliber AK-47-style semiautomatic rifle manufactured by Romarm/Cugar,acquaintence of shooter,33.7273,-84.3068,47.8,PK,5,810.0,Dekalb County,13,13089,21.0,3.0,14.3,47.47960138,25.8,59.464267352,68.862367848,10.1,28.8,45.614480711,92.37102
147,370150000592,Carver High School,3701500.0,Winston Salem/Forsyth County Schools,8/30/2013,2013-2014,2013,2:25 PM,Friday,Winston-Salem,North Carolina,public,565,0,1,1,targeted,18.0,m,b,student,0.0,,,,,,,,23.0,411.0,96.0,4.0,2.0,1.0,28.0,1,.38-caliber handgun,,36.1343,-80.2066,43.01,9,12,502.0,Forsyth County,37,37067,12.0,3.1,12.5,45.493207324,18.6,80.906313646,62.547367965,10.0,28.0,37.367801187,97.89887000000002
148,A0300751,Agape Christian Academy,,,10/4/2013,2013-2014,2013,2:00 PM,Friday,Pine Hills,Florida,private,331,0,2,2,targeted,,,,none,0.0,,,,,,,,3.0,259.0,4.0,0.0,0.0,65.0,0.0,0,,,28.57586,-81.47505100000001,22.0,KG,12,,Orange County,12,12095,21.0,3.3,16.6,38.994249011,24.7,71.4,64.483830231,10.3,25.8,37.847743796,72.16307
149,480894000327,Lanier High School,4808940.0,Austin ISD,10/15/2013,2013-2014,2013,12:04 PM,Tuesday,Austin,Texas,public,1554,0,0,0,public suicide,16.0,m,h,student ,1.0,suicide,,,,,,,61.0,138.0,1273.0,51.0,15.0,0.0,16.0,0,handgun,,30.3606,-97.708,108.34,9,12,613.0,Travis County,48,48453,11.0,3.2,22.3,49.36102599,22.7,81.4,70.16176122,6.6,24.1,32.643432758,78.69294000000001
150,320048000247,Sparks Middle School,3200480.0,Washoe County School District,10/21/2013,2013-2014,2013,7:15 AM,Monday,Sparks,Nevada,public,721,1,2,3,indiscriminate,12.0,m,h,student,1.0,suicide,,,,,,,146.0,13.0,501.0,26.0,4.0,9.0,22.0,0,Ruger SR9C 9mm semiautomatic handgun,father,39.5517,-119.7694,35.0,7,8,538.0,Washoe County,32,32031,21.0,3.6,21.2,42.792078195,24.6,70.0,59.546344067,13.1,18.2,32.352700825,71.03484
151,060846000845,Newman Elementary School,608460.0,Chino Valley Unified,10/23/2013,2013-2014,2013,11:14 AM,Wednesday,Chino,California,public,745,0,3,3,accidental,,m,,,0.0,,,,,,,,75.0,17.0,627.0,21.0,0.0,0.0,5.0,0,AR-15-style semiautomatic rifle,police weapon,34.0271,-117.7144,25.5,KG,6,543.0,San Bernardino County,6,6071,13.0,4.1,17.2,47.312104541,22.5,79.796023754,51.160109448,13.2,26.2,33.333501854,53.52525
152,120144001454,West Orange High School,1201440.0,Orange,12/4/2013,2013-2014,2013,1:15 PM,Wednesday,Winter Garden,Florida,public,3749,0,1,1,targeted,17.0,m,b,student,0.0,,,,,,,,1927.0,594.0,898.0,211.0,28.0,11.0,80.0,0,,,28.5428,-81.5673,158.0,9,12,1255.0,Orange County,12,12095,21.0,3.3,16.6,38.994249011,24.7,71.4,64.483830231,10.3,25.8,37.847743796,72.16307
153,080531000873,Arapahoe High School,805310.0,"Littleton, School District No. 6, In The County Of Arapahoe",12/13/2013,2013-2014,2013,12:30 PM,Friday,Centennial,Colorado,public,2273,1,0,1,targeted,18.0,m,w,student,1.0,suicide,,,,,,,1879.0,26.0,225.0,57.0,9.0,3.0,74.0,1,Savage Arms Stevens Model 320 pump-action shotgun,legally purchased by shooter at Cabela's,39.5817,-104.9628,98.96,9,12,200.0,Arapahoe County,8,8005,21.0,3.2,17.2,36.614763688,18.3,71.404997643,68.454325597,8.2,16.4,29.811924213,79.14021
154,470258002032,Liberty Technology Magnet High School,4702580.0,Madison County,1/9/2014,2013-2014,2014,2:21 PM,Thursday,Jackson,Tennessee,public,802,0,1,1,targeted,16.0,m,b,student,0.0,,,,,,,,275.0,503.0,15.0,2.0,2.0,0.0,5.0,0,handgun,,35.675,-88.7593,60.3,9,12,561.0,Madison County,47,47113,41.0,3.1,9.8,48.511134599,16.629938321,90.0,56.075378943,8.1947432984,26.6,42.01756652,137.39759
155,350225000506,Berrendo Middle School,3502250.0,Roswell Independent Schools,1/14/2014,2013-2014,2014,7:30 AM,Tuesday,Roswell,New Mexico,public,632,0,3,3,targeted,12.0,m,w,student,0.0,,,,,,,,311.0,6.0,302.0,9.0,1.0,2.0,1.0,1,shotgun,,33.4736,-104.5115,36.5,6,8,365.0,Chaves County,35,35005,41.0,3.6,15.3,72.363270328,26.079610486,74.597159091,52.448563728,6.5670961122,30.2,38.594727435,74.36637
156,421314005056,King Elementary School,4213140.0,Lancaster SD,1/15/2014,2013-2014,2014,2:48 PM,Wednesday,Lancaster,Pennsylvania,public,540,0,0,0,unclear,,,,,0.0,,,,,,,,20.0,69.0,425.0,7.0,0.0,0.0,19.0,0,handgun,,40.0344,-76.2998,40.2,PK,5,498.0,Lancaster County,42,42071,13.0,3.2,14.5,27.103003636,14.248360607,88.336142151,51.987247099,6.6308537075,17.2,21.848588102,75.44013
157,420007800563,Delaware Valley Charter School,4200078.0,Delaware Valley CHS,1/17/2014,2013-2014,2014,3:20 PM,Friday,Philadelphia,Pennsylvania,public,680,0,2,2,accidental or targeted,17.0,m,b,student,0.0,,,,,,,,0.0,675.0,5.0,0.0,0.0,0.0,0.0,1,handgun,purchased from friend,40.0331,-75.1446,42.0,9,12,512.0,Philadelphia County,42,42101,11.0,4.6,17.2,55.594939862,16.257275268,59.013808793,55.785197607,10.789075442,37.0,59.023007465,66.77640000000001
158,,Rebound High School,1708370.0,Carbondale CHSD 165,1/27/2014,2013-2014,2014,12:00 PM,Monday,Carbondale,Illinois,public,100,0,1,1,targeted,18.0,m,b,student,0.0,,,,,,,,,,,,,,,0,handgun,,37.727439000000004,-89.227812,,9,12,,Jackson County,17,17077,13.0,4.5,14.7,24.478118046,14.783040413,89.635379061,76.6521348,7.6461194507,31.0,39.07641131,109.33487999999998
159,150003000186,President Theodore Roosevelt High,1500030.0,Hawaii Department Of Education,1/28/2014,2013-2014,2014,8:30 AM,Tuesday,Honolulu,Hawaii,public,1416,0,1,1,targeted,,,,police officer,0.0,,,,,,,,72.0,17.0,36.0,846.0,6.0,338.0,97.0,0,,department issued,21.3104,-157.8372,77.0,9,12,588.0,Honolulu County,15,15003,11.0,2.7,18.7,33.034525253,7.253072609,80.536247099,70.049782345,5.1640865521,15.3,27.784099366,87.69135
160,410198000270,Bend High School,4101980.0,Bend-Lapine Administrative SD 1,2/7/2014,2013-2014,2014,12:00 PM,Friday,Bend,Oregon,public,1642,0,0,0,public suicide,17.0,m,,student ,1.0,suicide,,,,,,,1368.0,21.0,180.0,25.0,23.0,4.0,21.0,0,hunting rifle,legally owned by shooter,44.0523,-121.2959,62.77,9,12,1368.0,Deschutes County,41,41017,13.0,3.2,16.8,30.097886744,17.637025837,64.008691674,69.445249131,11.267785526,21.7,24.785470299,96.67078
161,370405002253,Salisbury High School,3704050.0,Rowan-Salisbury Schools,2/10/2014,2013-2014,2014,2:41 PM,Monday,Salisbury,North Carolina,public,858,0,1,1,targeted,17.0,m,b,,0.0,,,,,,,,274.0,399.0,140.0,22.0,5.0,0.0,18.0,0,9mm gun (type unknown),,35.6648,-80.4849,54.53,9,12,577.0,Rowan County,37,37159,22.0,4.2,10.1,51.376836565,19.364480101,77.0,51.989579755,9.9258040222,27.2,36.563219106,43.472280000000005
162,291640003220,Success Academy,2916400.0,Kansas City 33,2/20/2014,2013-2014,2014,10:30 AM,Thursday,Raytown,Missouri,public,175,1,0,1,targeted,42.0,m,b,father of student,0.0,,,,,,,,,,,,,,,0,.45-caliber handgun ,legally purchased at pawn shop that morning,39.094,-94.5688,28.4,KG,12,,Jackson County,29,29095,11.0,3.8,15.4,53.545910684,18.036285103,72.874030552,63.382973683,7.6796021454,27.3,42.987542162,75.10793
163,130228000967,Benjamin Banneker High School,1302280.0,Fulton County,3/25/2014,2013-2014,2014,1:00 PM,Tuesday,College Park,Georgia,public,1537,0,0,0,targeted,,,,,0.0,,,,,,,,3.0,1483.0,41.0,2.0,1.0,0.0,7.0,0,,,33.593,-84.5176,100.7,9,12,1376.0,Fulton County,13,13121,21.0,2.7,17.9,44.167862505,22.400718323,63.838627049,75.356402541,9.6296152552,25.9,41.302809668,96.25115000000001
164,370001201495,D. H. Conley High School,3700012.0,Pitt County Schools,4/9/2014,2013-2014,2014,1:30 PM,Wednesday,Greenville,North Carolina,public,1591,0,0,0,indiscriminate,17.0,m,b,student at rival school,0.0,,17.0,m,w,student at rival school,0.0,,973.0,395.0,138.0,27.0,5.0,0.0,53.0,0,.45-caliber handgun,,35.5306,-77.3248,87.89,9,12,528.0,Pitt County,37,37147,41.0,3.2,12.7,28.995494302,16.944598226,70.0,68.998190864,9.3104721827,29.9,44.614306129,98.75301999999999
165,411052001009,Reynolds High School,4110520.0,Reynolds SD 7,6/10/2014,2013-2014,2014,8:07 AM,Tuesday,Troutdale,Oregon,public,2806,1,1,2,indiscriminate,15.0,m,w,student,1.0,suicide,,,,,,,1208.0,231.0,917.0,263.0,21.0,41.0,125.0,1,AR-15-style semiautomatic rifle,brother,45.5285,-122.4026,106.78,9,12,1744.0,Multnomah County,41,41051,21.0,3.2,19.2,33.09182648,18.647145735,62.752285319,73.533404072,7.7510714542,24.1,32.776363393,126.59903
166,120039005495,Stellar Leadership Academy,1200390.0,Dade,9/9/2014,2014-2015,2014,,Tuesday,Miami,Florida,public,233,0,1,1,targeted,,,,,0.0,,,,,,,,0.0,204.0,29.0,0.0,0.0,0.0,0.0,0,,,25.84814,-80.243461,13.0,9,12,62.0,Miami-Dade County,12,12086,21.0,3.3,12.4,32.403740459,34.422301279,70.986166974,57.406042022,9.2770143119,29.7,39.458981404,78.44163
167,210299000628,Fern Creek High School,2102990.0,Jefferson County,9/30/2014,2014-2015,2014,1:00 PM,Tuesday,Louisville,Kentucky,public,1545,0,1,1,targeted,16.0,m,b,student,0.0,,,,,,,,716.0,577.0,136.0,73.0,1.0,1.0,41.0,1,handgun ,,38.156605,-85.59235699999999,82.9,9,12,930.0,Jefferson County,21,21111,11.0,3.8,15.0,47.247683509,16.557490387,69.426104622,67.833221451,8.5574906787,26.0,42.308147307,90.90836
168,370432000022,Albemarle High School,3704320.0,Stanly County Schools,9/30/2014,2014-2015,2014,7:40 AM,Tuesday,Albemarle,North Carolina,public,464,0,1,1,targeted,15.0,m,,student,0.0,,,,,,,,199.0,180.0,30.0,23.0,3.0,0.0,29.0,1,handgun,,35.371268,-80.193152,34.66,9,12,327.0,Stanly County,37,37167,32.0,5.5,14.5,50.105857445,18.266566905,79.230077121,55.99112426,9.6220712963,25.4,32.134416544,42.885889999999996
169,530486003317,Marysville Pilchuck High School,5304860.0,Marysville School District,10/24/2014,2014-2015,2014,10:39 AM,Friday,Marysville,Washington,public,1253,4,1,5,targeted,15.0,m,ai,student,1.0,suicide,,,,,,,736.0,25.0,250.0,46.0,77.0,1.0,118.0,1,.40-caliber Beretta Px4 Storm semiautomatic handgun,father,48.09582,-122.154021,55.3,9,12,532.0,Snohomish County,53,53061,22.0,3.6,18.4,22.756938091,14.762106017,80.198903032,67.666269042,7.7763223295,13.4,26.058354074,52.325579999999995
170,A1301728,Hand in Hand Montessori,,,1/26/2015,2014-2015,2015,3:07 PM,Monday,Roseville,Minnesota,private,288,0,0,0,indiscriminate,48.0,m,,,1.0,suicide,,,,,,,178.0,5.0,3.0,12.0,0.0,0.0,0.0,0,,,45.004709000000005,-93.177024,21.4,PK,8,,Ramsey County,27,27123,21.0,2.6,16.3,33.931599665,11.185574912,70.601432827,71.443790656,4.9733228247,22.5,35.470835819,104.96932000000001
171,530585000869,North Thurston High School,5305850.0,North Thurston Public Schools,4/27/2015,2014-2015,2015,7:25 AM,Monday,Lacey,Washington,public,1477,0,0,0,indiscriminate,16.0,m,,student,0.0,,,,,,,,842.0,73.0,237.0,165.0,22.0,22.0,116.0,1,.357 Magnum revolver,father,47.051956,-122.83241000000001,70.4,9,12,546.0,Thurston County,53,53067,22.0,3.6,15.9,23.706896552,14.662577247,82.659106648,70.531054947,7.0284414469,16.3,30.934339046,93.2908
172,130438004230,W.S. Hornsby Elementary School,1304380.0,Richmond County,8/25/2015,2015-2016,2015,10:45 AM,Tuesday,Augusta,Georgia,public,742,0,1,1,accidental,,m,,student,0.0,,,,,,,,12.0,717.0,3.0,0.0,0.0,2.0,8.0,1,.380 semiautomatic handgun,grandmother's boyfriend,33.459564,-81.93799200000001,,PK,5,,Richmond County,13,13245,12.0,3.4,17.4,61.028684471,19.834110632,59.0,59.667077002,9.3957212561,43.6,57.302138927,78.48479999999999
173,463135000264,Harrisburg High School,4631350.0,Harrisburg School District 41-2,9/30/2015,2015-2016,2015,10:00 AM,Wednesday,Harrisburg,South Dakota,public,802,0,1,1,targeted,16.0,m,w,student,0.0,,,,,,,,738.0,12.0,17.0,9.0,10.0,0.0,16.0,0,handgun,,43.43212,-96.6998,64.2,9,12,117.0,Lincoln County,46,46083,41.0,1.8,23.1,16.322611618,7.2953213065,87.162162162,81.980931477,2.890237176,5.2,20.227356069,134.58672
174,482499010445,Karen Wagner High School,4824990.0,Judson ISD,10/15/2015,2015-2016,2015,9:15 AM,Thursday,San Antonio,Texas,public,2260,0,0,0,targeted,22.0,f,b,friend of student,0.0,,,,,,,,203.0,678.0,1299.0,38.0,5.0,3.0,34.0,0,,,29.45738,-98.3578,145.7,9,12,1620.0,Bexar County,48,48029,21.0,3.3,19.2,55.058354133,22.816449745,86.477883059,62.02130052,6.0251971533,23.9,37.094827882,69.5524
175,130138002640,Vereen School,1301380.0,Colquitt County,11/5/2015,2015-2016,2015,,Thursday,Moultrie,Georgia,public,40,0,0,0,targeted,,m,,student,0.0,,,,,,,,,,,,,,,1,semiautomatic handgun,department issued,31.175943,-83.80436800000001,,,,,Colquitt County,13,13071,41.0,5.0,12.5,83.907617806,27.514868093,77.0,39.751856991,9.3457457874,37.1,45.395423525,52.018989999999995
176,120027002425,Lecanto High School,1200270.0,Citrus,11/10/2015,2015-2016,2015,10:30 AM,Tuesday,Lecanto,Florida,public,1567,0,0,0,public suicide,15.0,m,,student ,0.0,,,,,,,,1243.0,72.0,132.0,59.0,12.0,1.0,48.0,0,Walther P1 9mm semiautomatic handgun,,28.824494,-82.499153,84.0,9,12,839.0,Citrus County,12,12017,41.0,4.6,15.0,42.395693136,21.329694539,78.0,46.840870115,8.3738993486,29.1,39.927549868,53.099889999999995
177,050729000443,Harmony Grove High School,507290.0,Harmony Grove School District,1/13/2016,2015-2016,2016,3:00 PM,Wednesday,Camden,Arkansas,public,393,0,1,1,accidental,17.0,m,,student,0.0,,,,,,,,294.0,69.0,20.0,3.0,0.0,1.0,6.0,0,handgin,,33.6514,-92.7796,47.17,7,12,195.0,Ouachita County,5,5103,42.0,4.5,11.6,71.967702299,16.304775005,88.222379603,52.397868561,8.0542345442,32.0,45.331967913,59.9952
178,421899003851,Benjamin Franklin High School,4218990.0,Philadelphia City SD,1/29/2016,2015-2016,2016,12:00 PM,Friday,Philadelphia,Pennsylvania,public,612,0,0,0,targeted,16.0,m,,,0.0,,,,,,,,9.0,516.0,46.0,31.0,1.0,0.0,9.0,0,.45-caliber handgun,,39.96367,-75.16199999999999,44.42,9,12,612.0,Philadelphia County,42,42101,11.0,4.8,19.2,51.218791806,16.519963015,71.962738793,56.76322136,8.0047300876,36.9,59.257766524,70.11489
179,040345000284,Independence High School,403450.0,Glendale Union High School District,2/12/2016,2015-2016,2016,7:53 AM,Friday,Glendale,Arizona,public,2114,1,0,1,targeted,15.0,f,,student,1.0,suicide,,,,,,,247.0,190.0,1535.0,42.0,29.0,3.0,68.0,0,9mm Beretta semiautomatic handgun,"classmate, who took from parents",33.53216,-112.221,89.6,9,12,1584.0,Maricopa County,4,4013,21.0,3.4,17.1,43.330136123,19.782531059,76.485075376,63.907689351,5.8743515768,24.3,35.308939756,70.80839
180,390461202443,Madison High School,3904612.0,Madison Local,2/29/2016,2015-2016,2016,11:15 AM,Monday,Middletown,Ohio,public,1543,0,4,4,unclear,14.0,m,w,student,0.0,,,,,,,,1495.0,9.0,13.0,2.0,0.0,3.0,21.0,1,Sig Sauer P238 semiautomatic handgun,family home,39.53385,-84.4433,33.5,9,12,248.0,Butler County,39,39017,41.0,4.0,17.9,31.657545116,12.32480726,89.464920486,62.264996502,5.3811227003,20.3,30.639467752,51.44476
181,010039000141,Huffman High School,100390.0,Birmingham City,3/15/2016,2015-2016,2016,2:30 PM,Tuesday,Birmingham,Alabama,public,1433,0,1,1,targeted,19.0,m,b,brother of student,0.0,,,,,,,,13.0,1341.0,63.0,2.0,6.0,0.0,8.0,1,,,33.61291,-86.682,66.0,9,12,775.0,Jefferson County,1,1073,12.0,4.5,14.5,44.594142095,14.653381647,79.880335943,66.404745007,6.3085048728,29.4,43.156005994,101.59535
182,480795000124,Alpine High School,4807950.0,Alpine ISD,9/8/2016,2016-2017,2016,9:00 AM,Thursday,Alpine,Texas,public,292,0,1,1,targeted,14.0,f,,student,1.0,suicide,,,,,,,97.0,2.0,190.0,1.0,0.0,1.0,1.0,0,9mm semiautomatic handgun,,30.371983,-103.665798,31.32,9,12,111.0,Brewster County,48,48043,33.0,3.2,15.9,44.505494505,23.981481481,94.96875,73.149819495,4.6607099734,22.5,20.489622139,75.3823
183,450087000092,Townville Elementary School,4500870.0,Anderson 04,9/28/2016,2016-2017,2016,1:45 PM,Wednesday,Townville,South Carolina,public,295,1,2,3,indiscriminate,14.0,m,w,former student,0.0,,,,,,,,265.0,13.0,3.0,2.0,0.0,1.0,11.0,0,.40-caliber handgun,father,34.563109999999995,-82.903471,19.0,PK,6,186.0,Anderson County,45,45007,42.0,3.9,15.1,49.403827684,17.430648177,81.926750116,57.297944088,5.8989974266,23.8,35.43415161,68.71554
184,010237000964,CF Vigor High School,102370.0,Mobile County,10/11/2016,2016-2017,2016,3:45 PM,Tuesday,Prichard,Alabama,public,710,0,1,1,targeted,16.0,m,b,,0.0,,,,,,,,13.0,693.0,2.0,0.0,1.0,0.0,1.0,0,,,30.743233,-88.080692,41.0,9,12,511.0,Mobile County,1,1097,21.0,5.0,14.6,53.302015516,16.573635527,76.908170007,58.197321267,7.704213802,29.8,43.648928543,65.68795
185,390438000672,Linden-McKinley STEM Academy,3904380.0,Columbus City School District,10/13/2016,2016-2017,2016,2:40 PM,Thursday,Columbus,Ohio,public,719,0,2,2,targeted,,m,,,0.0,,,,,,,,56.0,582.0,35.0,2.0,1.0,0.0,43.0,1,,,40.00952,-82.974011,50.0,7,12,619.0,Franklin County,39,39049,11.0,4.1,19.7,38.903949007,14.724164394,67.361556002,70.863999518,4.7601356058,24.6,39.616201968,100.8857
186,063441011252,June Jordan High School for Equity,634410.0,San Francisco Unified,10/18/2016,2016-2017,2016,3:20 PM,Tuesday,San Francisco,California,public,258,0,4,4,targeted,,m,,,0.0,,,,,,,,8.0,48.0,157.0,28.0,1.0,5.0,11.0,0,handguns,,37.719558,-122.42524099999999,23.72,9,12,198.0,San Francisco County,6,6075,11.0,3.1,19.7,14.312815475,12.438747048,82.0,84.998862832,4.3757099006,13.6,28.058760275,158.93637999999999
187,490014200328,Union Middle School,4900142.0,Canyons District,10/25/2016,2016-2017,2016,3:00 PM,Tuesday,Sandy,Utah,public,907,0,1,1,targeted,14.0,m,,student,0.0,,,,,,,,592.0,15.0,226.0,16.0,5.0,21.0,32.0,0,,mother,40.60715,-111.873061,,6,8,389.0,Salt Lake County,49,49035,21.0,3.5,14.2,33.69952257,16.727328912,77.79987095,66.97289623,3.6658696507,15.1,22.594811963,74.74153
188,260426004113,Bay City Western High School,2604260.0,Bay City School District,11/11/2016,2016-2017,2016,12:30 PM,Friday,Auburn,Michigan,public,1256,0,1,1,accidental,50.0,m,w,resource officer,0.0,,,,,,,,1176.0,6.0,36.0,10.0,4.0,0.0,24.0,1,Sig Sauer .380-caliber semiautomatic handgun,legally purchased by shooter,43.60478,-84.0783,57.55,9,12,292.0,Bay County,26,26017,23.0,3.7,21.1,32.334318278,12.534499937,77.977964744,63.606544262,7.1450015011,24.7,36.596623879,52.41875
189,490021000750,Mueller Park Jr. High,4900210.0,Davis District,12/1/2016,2016-2017,2016,8:13 AM,Thursday,Bountiful,Utah,public,813,0,0,0,indiscriminate,15.0,m,w,student,0.0,,,,,,,,661.0,14.0,78.0,17.0,2.0,19.0,22.0,0,12-gauge shotgun,parent,40.872489,-111.861172,,7,9,145.0,Davis County,49,49011,21.0,3.0,10.4,21.434885091,10.774047804,89.626606815,77.055698486,3.5599559673,8.3,16.494806775,48.1226
190,390462102472,West Liberty-Salem Middle/High School,3904621.0,West Liberty-Salem Local,1/20/2017,2016-2017,2017,7:36 AM,Friday,West Liberty,Ohio,public,622,0,2,2,indiscriminate,17.0,m,w,student,0.0,,,,,,,,590.0,1.0,3.0,3.0,1.0,1.0,23.0,0,Mossberg Model 500 12-gauge shotgun,gift from grandparents,40.21594,-83.756761,38.4,6,12,0.0,Champaign County,39,39021,42.0,3.890770794,17.200350184,32.614358654,10.14519965,89.771863118,52.886165753,4.3660915229,16.2,30.910673485,23.00143
191,220054000423,Scotlandville Magnet High School,2200540.0,East Baton Rouge Parish,2/6/2017,2016-2017,2017,12:00 PM,Monday,Baton Rouge,Louisiana,public,1388,0,0,0,targeted,14.0,m,,student,0.0,,,,,,,,10.0,1370.0,4.0,0.0,0.0,0.0,4.0,0,handgun,,30.53365,-91.177851,,8,12,770.0,East Baton Rouge Parish,22,22033,12.0,4.2022935444,17.664358742,36.263836643,15.939643131,71.359116809,67.943766938,5.3471010482,26.5,47.905523644,90.12604
192,063417005375,North Park Elementary School,634170.0,San Bernardino City Unified,4/10/2017,2016-2017,2017,10:30 AM,Monday,San Bernardino,California,public,531,2,1,3,targeted,53.0,m,b,spouse of teacher,1.0,suicide,,,,,,,61.0,60.0,360.0,9.0,3.0,0.0,38.0,0,Smith & Wesson .357 Magnum revolver,,34.179206,-117.301804,19.0,KG,6,407.0,San Bernardino County,6,6071,12.0,4.0114789994,16.27717945,37.79578815,14.706505433,80.731514192,53.653307375,6.4585961554,27.3,36.341152455,57.41688
193,220033000252,Moss Bluff Elementary School,2200330.0,Calcasieu Parish,5/15/2017,2016-2017,2017,7:50 AM,Monday,Lake Charles,Louisiana,public,963,0,1,1,accidental,7.0,m,w,student,0.0,,,,,,,,754.0,118.0,36.0,14.0,2.0,0.0,39.0,0,.380-caliber semiautomatic handgun,"father's gun, kept by 17 year old who shared room with shooter",30.29966,-93.2032,69.56,PK,5,439.0,Calcasieu Parish,22,22019,41.0,4.174654926,17.302674165,48.08740786,17.174596521,83.0,55.917194929,5.3581031037,26.0,41.263702172,67.44284999999999
194,010171002162,Greensboro High School,101710.0,Hale County,5/24/2017,2016-2017,2017,11:30 AM,Wednesday,Greensboro,Alabama,public,464,0,0,0,targeted,,m,,student,0.0,,,,,,,,3.0,457.0,1.0,0.0,0.0,0.0,3.0,0,.22-caliber revolver,,32.70713,-87.589,26.5,9,12,373.0,Hale County,1,1065,42.0,4.8653623398,10.080538701,43.078412391,13.968279527,86.0,47.981790592,7.833497214,38.6,58.787541713,13.171759999999999
195,170993001166,Warren Elementary School,1709930.0,City of Chicago SD 299,6/16/2017,2016-2017,2017,1:51 PM,Friday,Chicago,Illinois,public,280,0,2,2,targeted,,m,b,,0.0,,,,,,,,0.0,275.0,4.0,0.0,0.0,0.0,1.0,1,,,41.726921999999995,-87.575184,14.1,PK,8,263.0,Cook County,17,17031,11.0,3.5393329802,22.107171522,36.329578353,14.05551462,82.559364933,68.224246989,6.0982172712,23.5,37.656696677,94.19692
196,390438004430,Columbus Scioto 6-12,3904380.0,Columbus City School District,9/8/2017,2017-2018,2017,8:33 AM,Friday,Columbus,Ohio,public,127,0,0,0,indiscriminate,18.0,m,b,,0.0,,,,,,,,46.0,71.0,4.0,0.0,0.0,0.0,6.0,0,.38-caliber handgun,,39.90163,-82.9958,34.0,6,12,127.0,Franklin County,39,39049,11.0,3.9348970173,20.271647262,36.312582587,11.156571712,66.282130547,71.389492918,4.0673550573,24.5,39.624865798,100.69896
197,530297000485,Freeman High School,5302970.0,Freeman School District,9/13/2017,2017-2018,2017,10:00 AM,Wednesday,Rockford,Washington,public,330,1,3,4,indiscriminate,15.0,m,w,student,0.0,,,,,,,,282.0,7.0,23.0,5.0,4.0,0.0,9.0,0,"AR-15-stylee semiautomatic rifle, handgun",father,47.519667,-117.19638,16.61,9,12,69.0,Spokane County,53,53063,42.0,3.8112160697,18.037494752,25.205336578,9.5845515538,84.439764662,69.029328772,6.4212899603,19.6,30.124484425,90.64292
198,172505002734,Mattoon High School,1725050.0,Mattoon CUSD 2,9/20/2017,2017-2018,2017,11:30 AM,Wednesday,Mattoon,Illinois,public,1047,0,1,1,targeted,14.0,m,w,student,0.0,,,,,,,,931.0,36.0,40.0,9.0,1.0,1.0,29.0,1,.40-caliber Ruger semiautomatic handgun,stepfather,39.474405,-88.386955,58.05,9,12,518.0,Coles County,17,17029,32.0,3.9803775127,19.384238942,19.709275257,8.8660340093,91.144171779,64.799933725,6.198040991,24.5,37.906440109,63.76594
199,262115008414,Pattengill Academy,2621150.0,Lansing Public School District,11/3/2017,2017-2018,2017,4:30 PM,Friday,Lansing,Michigan,public,506,0,1,1,accidental,21.0,m,b,,0.0,,,,,,,,135.0,180.0,125.0,11.0,4.0,0.0,51.0,0,handgun,puchased legally by shooter from Dicker & Deal,42.738890000000005,-84.5243,27.84,4,6,393.0,Ingham County,26,26065,12.0,3.8181376465,22.368458772,20.503378873,9.8123184469,75.721668178,76.396506774,4.4470686207,24.1,37.542620127,106.12056
200,130228000967,Benjamin Banneker High School,1302280.0,Fulton County,11/9/2017,2017-2018,2017,3:25 PM,Thursday,College Park,Georgia,public,1547,0,2,2,accidental,,,,,0.0,,,,,,,,6.0,1478.0,49.0,2.0,1.0,0.0,11.0,0,small-caliber handgun,,33.59297,-84.5176,106.9,9,12,1544.0,Fulton County,13,13121,21.0,3.6423548538,18.262399195,34.597589891,16.503338765,72.5538448,75.775817802,5.8486526221,23.8,42.318554143,105.4883
201,060978004178,Rancho Tehama Elementary School,609780.0,Corning Union Elementary,11/14/2017,2017-2018,2017,7:50 AM,Tuesday,Corning,California,public,101,0,2,2,targeted and indiscriminate,44.0,m,w,,1.0,suicide,,,,,,,44.0,2.0,49.0,3.0,2.0,0.0,1.0,0,"""homemade"" AR-15-style rifle",contructed from parts legally purchased by shooter,40.015716,-122.398455,5.1,KG,5,84.0,Tehama County,6,6103,43.0,4.1504665951,17.361469421,41.044282882,13.280199544,89.04494382,51.792828685,7.9555379119,32.1,31.479165295,49.15407
202,350015000135,Aztec High School,3500150.0,Aztec Municipal Schools,12/7/2017,2017-2018,2017,8:04 AM,Thursday,Aztec,New Mexico,public,905,2,0,2,indiscriminate,21.0,m,w,former student,1.0,suicide,,,,,,,495.0,7.0,225.0,2.0,170.0,2.0,4.0,0,Glock 9mm semiautomatic handgun,legally purchased by shooter,36.820644,-107.990379,52.5,9,12,432.0,San Juan County,35,35045,31.0,4.1152792383,13.86727352,57.252141983,19.393363323,71.805269187,52.350081037,7.0452612339,23.5,40.117388114,61.39678000000001
203,370192000956,High Point Central High School,3701920.0,Guilford County Schools,12/11/2017,2017-2018,2017,2:08 PM,Monday,High Point,North Carolina,public,1442,0,0,0,targeted,15.0,m,b,,0.0,,,,,,,,437.0,589.0,216.0,147.0,6.0,0.0,47.0,1,handgun,,35.95795,-80.0231,94.67,9,12,904.0,Guilford County,37,37081,12.0,3.8906616928,15.729333061,26.992570782,14.786103062,88.938258936,68.565902674,5.8799640751,23.5,40.549870116,77.91158
204,482445002740,Italy High School,4824450.0,Italy ISD,1/22/2018,2017-2018,2018,7:53 AM,Monday,Italy,Texas,public,288,0,1,1,targeted,16.0,m,w,student,0.0,,,,,,,,141.0,43.0,94.0,0.0,0.0,0.0,10.0,0,.380-caliber semiautomatic handgun,,32.181129,-96.878968,29.21,6,12,173.0,Ellis County,48,48139,42.0,3.4172175736,17.786105113,31.940384339,17.881939564,92.2,59.798994975,3.753927765,14.3,25.465451609,41.55666
205,220018802340,The NET Charter High School,2200188.0,Rsd-educators For Quality Alternatives,1/22/2018,2017-2018,2018,1:30 PM,Monday,New Orleans,Louisiana,public,172,0,0,0,targeted,,,,,0.0,,,,,,,,5.0,151.0,16.0,0.0,0.0,0.0,0.0,0,,,29.93996,-90.079691,19.94,9,12,,Orleans Parish,22,22071,11.0,4.2780274385,20.442731209,33.648421633,13.917223839,92.0,69.953713021,5.8705207066,36.0,60.901505068,90.34513
206,210381000976,Marshall County High School,2103810.0,Marshall County,1/23/2018,2017-2018,2018,7:57 AM,Tuesday,Benton,Kentucky,public,1384,2,14,16,indiscriminate,15.0,m,w,student,0.0,,,,,,,,1353.0,1.0,14.0,2.0,3.0,0.0,11.0,1,handgun,stepfather,36.912835,-88.33291700000001,73.1,9,12,584.0,Marshall County,21,21157,42.0,4.1397924334,16.091299773,39.133355727,6.6985645933,93.0,60.104210675,5.6390217611,19.2,25.027932961,41.7993
207,010237000942,Murphy High School,102370.0,Mobile County,1/25/2018,2017-2018,2018,11:20 AM,Thursday,Mobile,Alabama,public,2100,0,0,0,targeted,16.0,m,b,student,0.0,,,,,,,,402.0,1565.0,62.0,42.0,3.0,2.0,24.0,1,revolver,stolen,30.6828,-88.0867,120.0,9,12,905.0,Mobile County,1,1097,12.0,4.4253812589,16.46166331,42.006977221,12.986366058,86.440280517,60.3821044,6.8700970328,30.4,43.774689545,67.64646
208,062271012483,Salvador B. Castro Middle School,622710.0,Los Angeles Unified,2/1/2018,2017-2018,2018,9:00 AM,Thursday,Los Angeles,California,public,345,0,5,5,accidental,12.0,f,,student,0.0,,,,,,,,2.0,8.0,311.0,21.0,0.0,0.0,3.0,0,semiautomatic handgun,,34.061690000000006,-118.265,15.83,6,8,309.0,Los Angeles County,6,6037,11.0,3.6402303376,17.261861363,23.945625218,12.492064619,78.721042471,61.2996302,5.2445306146,23.4,35.701648447,71.87601
209,120018002721,Marjory Stoneman Douglas High School,1200180.0,Broward,2/14/2018,2017-2018,2018,2:21 PM,Wednesday,Parkland,Florida,public,3158,17,17,34,indiscriminate,19.0,m,w,former student (expelled),0.0,,,,,,,,1871.0,364.0,623.0,210.0,17.0,2.0,71.0,1,Smith & Wesson M&P15 AR-15-style rifle,legally purchased by shooter,26.304483,-80.26936500000001,129.0,9,12,710.0,Broward County,12,12011,21.0,3.9176931969,18.927510274,18.416716069,16.519737768,76.87368965,66.55372102,4.6051131186,18.3,38.785762559,72.29392
210,130162000786,Dalton High School,1301620.0,Dalton City,2/28/2018,2017-2018,2018,11:30 AM,Wednesday,Dalton,Georgia,public,1829,0,0,0,indiscriminate,53.0,m,w,teacher,0.0,,,,,,,,458.0,103.0,1192.0,36.0,2.0,0.0,38.0,1,.38-caliber snub-nosed revolver,,34.779720000000005,-84.99053,101.7,9,12,1152.0,Whitfield County,13,13313,13.0,4.2587675191,15.3585467,47.155182697,22.29564284,76.940298507,43.6307602,5.9209815739,21.9,29.394254564,58.53228000000001
211,010039000141,Huffman High School,100390.0,Birmingham City,3/7/2018,2017-2018,2018,3:45 PM,Wednesday,Birmingham,Alabama,public,1433,1,0,1,accidental,17.0,m,b,student,0.0,,,,,,,,13.0,1341.0,63.0,2.0,6.0,0.0,8.0,1,handgun,,33.61291,-86.682,66.0,9,12,775.0,Jefferson County,1,1073,12.0,4.2821536358,16.131992422,34.091920194,11.25380288,88.986493506,67.406655412,5.8573597334,22.0,43.26208332,106.00166
212,062553003843,Seaside High School,625530.0,Monterey Peninsula Unified,3/13/2018,2017-2018,2018,1:20 PM,Tuesday,Seaside,California,public,1059,0,3,3,accidental,,m,w,teacher,0.0,,,,,,,,113.0,79.0,680.0,107.0,1.0,35.0,44.0,0,Glock 21 .45-caliber semiautomatic handgun,department issued,36.62444,-121.838,52.75,9,12,736.0,Monterey County,6,6053,22.0,3.4901942953,17.573780698,37.594199318,11.949346477,84.504759976,46.317850538,7.5594109267,18.9,33.697092869,58.769569999999995
213,301854000824,Big Sky High School,3018540.0,Missoula H S,3/16/2018,2017-2018,2018,12:45 PM,Friday,Missoula,Montana,public,1075,0,0,0,targeted,,m,,resource officer,0.0,,,,,,,,903.0,17.0,58.0,21.0,70.0,6.0,0.0,1,handgun,department issued,46.850867,-114.05773700000002,68.29,9,12,405.0,Missoula County,30,30063,13.0,3.6011463249,26.047023768,15.613611079,12.092563998,89.787200832,78.817131641,3.7413754009,15.2,29.088217607,93.71086
214,510300001245,Douglass Park Elementary School,5103000.0,Portsmouth City Pblc Schs,3/19/2018,2017-2018,2018,4:23 PM,Monday,Portsmouth,Virginia,public,761,0,1,1,unclear,,,,,0.0,,,,,,,,5.0,738.0,8.0,2.0,1.0,0.0,7.0,0,,,36.81828,-76.3393,44.0,KG,6,758.0,Portsmouth City,51,51740,13.0,3.8613243255,15.570379654,50.705895032,11.599286044,81.0,62.172398121,6.0581473969,30.1,57.964142167,53.014
215,240060001224,Great Mills High School,2400600.0,St. Mary's County Public Schools,3/20/2018,2017-2018,2018,7:55 AM,Tuesday,Great Mills,Maryland,public,1535,1,1,2,targeted,17.0,m,w,student,1.0,suicide,,,,,,,657.0,577.0,121.0,76.0,4.0,1.0,99.0,1,Glock semiautomatic handgun,father,38.24743,-76.4875,86.3,9,12,554.0,St. Mary's County,24,24037,23.0,3.1887476073,17.852300867,19.227941176,5.0328388275,94.0,68.885094758,4.1018232357,11.5,25.035697287,37.69758
216,120126001271,Forest High School,1201260.0,Marion,4/20/2018,2017-2018,2018,8:39 AM,Friday,Ocala,Florida,public,2181,0,1,1,indiscriminate,19.0,m,,,0.0,,,,,,,,1396.0,336.0,298.0,24.0,16.0,2.0,109.0,1,shotgun,,29.143620000000002,-82.066682,101.0,9,12,1048.0,Marion County,12,12083,22.0,4.3038788405,16.134375939,37.224142515,16.565903394,81.0,49.743224173,5.8272405216,28.2,41.296255051,59.13988
218,060282009515,Highland High School,602820.0,Antelope Valley Union High,5/11/2018,2017-2018,2018,7:05 AM,Friday,Palmdale,California,public,2931,0,1,1,targeted,14.0,m,,student,0.0,,,,,,,,462.0,453.0,1742.0,159.0,19.0,5.0,91.0,0,rifle,,34.591755,-118.17556100000002,126.42,9,12,1717.0,Los Angeles County,6,6037,21.0,3.6402303376,17.261861363,23.945625218,12.492064619,78.721042471,61.2996302,5.2445306146,23.4,35.701648447,71.87601
219,171233001481,Dixon High School,1712330.0,Dixon USD 170,5/16/2018,2017-2018,2018,8:00 AM,Wednesday,Dixon,Illinois,public,803,0,0,0,unclear,19.0,m,,former student,0.0,,,,,,,,650.0,24.0,51.0,17.0,1.0,0.0,60.0,1,,,41.847128000000005,-89.488508,40.6,9,12,347.0,Lee County,17,17103,32.0,3.5721559806,20.553605358,27.27784027,5.4920351924,85.501497006,59.751434034,5.1482059282,17.0,29.810062346,80.96229
220,483927004473,Santa Fe High School,4839270.0,Santa Fe ISD,5/18/2018,2017-2018,2018,7:45 AM,Friday,Santa Fe,Texas,public,1462,10,13,23,indiscriminate,17.0,m,w,student,0.0,,,,,,,,1136.0,10.0,278.0,8.0,9.0,1.0,20.0,1,".38-caliber revolver, shotgun",father,29.393257000000002,-95.143149,83.38,9,12,287.0,Galveston County,48,48167,22.0,3.5255146778,18.784942371,32.788503575,15.218163755,91.9,65.987780041,5.3245011429,18.1,30.634579013,71.68904
221,180765000639,Noblesville West Middle School,1807650.0,Noblesville Schools,5/25/2018,2017-2018,2018,9:06 AM,Friday,Noblesville,Indiana,public,1354,0,2,2,unclear,,m,,student,0.0,,,,,,,,1179.0,28.0,82.0,22.0,0.0,1.0,42.0,1,two handguns,,40.07825,-86.029001,64.0,6,8,268.0,Hamilton County,18,18057,21.0,2.9794572025,20.375173598,8.3135059482,6.403582444,93.89763178,85.950207469,3.192132077,4.9,17.974057343,141.42856
